shift,pair_00
-180,216.93385714292526
-179,216.92976385354996
-178,216.9336212873459
-177,216.94338232278824
-176,216.95587676763535
-175,216.9675423502922
-174,216.97561609745026
-173,216.9788043498993
-172,216.97621154785156
-171,216.96864026784897
-170,216.95857459306717
-169,216.94621294736862
-168,216.93391066789627
-167,216.92353183031082
-166,216.9151844382286
-165,216.90775245428085
-164,216.8996703028679
-163,216.8892940878868
-162,216.8769862651825
-161,216.86352330446243
-160,216.84964829683304
-159,216.83620566129684
-158,216.82422399520874
-157,216.8151667714119
-156,216.8098818063736
-155,216.80935740470886
-154,216.8133288025856
-153,216.82091730833054
-152,216.83004415035248
-151,216.83832901716232
-150,216.84416222572327
-149,216.84642910957336
-148,216.84551852941513
-147,216.84153789281845
-146,216.8352796435356
-145,216.8276629447937
-144,216.819904088974
-143,216.8135336637497
-142,216.80878746509552
-141,216.80574983358383
-140,216.80448132753372
-139,216.80442786216736
-138,216.80557376146317
-137,216.80772083997726
-136,216.8105464577675
-135,216.81381261348724
-134,216.8172202706337
-133,216.81999623775482
-132,216.82103502750397
-131,216.81996166706085
-130,216.8162264227867
-129,216.80970054864883
-128,216.8015491962433
-127,216.79342514276505
-126,216.78627163171768
-125,216.78082656860352
-124,216.77821856737137
-123,216.77902030944824
-122,216.78329932689667
-121,216.79046845436096
-120,216.79959386587143
-119,216.80929785966873
-118,216.81796312332153
-117,216.8242588043213
-116,216.8266485929489
-115,216.82389724254608
-114,216.81649631261826
-113,216.80564725399017
-112,216.792420566082
-111,216.77802181243896
-110,216.764450609684
-109,216.75420194864273
-108,216.74953150749207
-107,216.75210160017014
-106,216.76303005218506
-105,216.78273391723633
-104,216.81043469905853
-103,216.84520852565765
-102,216.88577675819397
-101,216.93051266670227
-100,216.97756326198578
-99,217.02535218000412
-98,217.07236969470978
-97,217.11705976724625
-96,217.1585043668747
-95,217.19660192728043
-94,217.22986763715744
-93,217.2568644285202
-92,217.2764948606491
-91,217.28785908222198
-90,217.2911598086357
-89,217.28756284713745
-88,217.27847385406494
-87,217.26552367210388
-86,217.2501358985901
-85,217.23344880342484
-84,217.2164164185524
-83,217.1996523141861
-82,217.18424677848816
-81,217.17123466730118
-80,217.1610096693039
-79,217.15353381633759
-78,217.14882320165634
-77,217.1467283964157
-76,217.14742809534073
-75,217.15115982294083
-74,217.15826070308685
-73,217.16865491867065
-72,217.18212074041367
-71,217.1980383992195
-70,217.215478181839
-69,217.23339641094208
-68,217.2511070370674
-67,217.26822328567505
-66,217.28453397750854
-65,217.30006349086761
-64,217.31507861614227
-63,217.33006519079208
-62,217.34551578760147
-61,217.36184722185135
-60,217.3794006705284
-59,217.39832055568695
-58,217.4183555841446
-57,217.43945372104645
-56,217.46147859096527
-55,217.48414212465286
-54,217.50716668367386
-53,217.5300468802452
-52,217.552410364151
-51,217.5739870071411
-50,217.59478747844696
-49,217.61488258838654
-48,217.63418596982956
-47,217.6523661017418
-46,217.6689486503601
-45,217.68366807699203
-44,217.6961967945099
-43,217.70641565322876
-42,217.71436750888824
-41,217.71964585781097
-40,217.7217294573784
-39,217.72020983695984
-38,217.71501594781876
-37,217.7063588500023
-36,217.69423186779022
-35,217.6787821650505
-34,217.66019666194916
-33,217.6388162970543
-32,217.61513417959213
-31,217.58964848518372
-30,217.56313008069992
-29,217.5366968512535
-28,217.51150768995285
-27,217.4888499379158
-26,217.4698057770729
-25,217.45481944084167
-24,217.44407445192337
-23,217.43759322166443
-22,217.43520152568817
-21,217.4368052482605
-20,217.44205516576767
-19,217.45027512311935
-18,217.460886657238
-17,217.47314536571503
-16,217.48621356487274
-15,217.49937480688095
-14,217.5120535492897
-13,217.52371841669083
-12,217.53400772809982
-11,217.5424052476883
-10,217.54838347434998
-9,217.55150812864304
-8,217.55150908231735
-7,217.54796361923218
-6,217.5406555533409
-5,217.52982366085052
-4,217.51599538326263
-3,217.49986737966537
-2,217.4821076989174
-1,217.46357440948486
0,217.4449280500412
1,217.44836902618408
2,217.45224648714066
3,217.45658940076828
4,217.46158826351166
5,217.46712732315063
6,217.47301256656647
7,217.47891795635223
8,217.484379529953
9,217.4891254901886
10,217.49311274290085
11,217.4963682293892
12,217.49908059835434
13,217.50130635499954
14,217.5031310915947
15,217.50454932451248
16,217.50563299655914
17,217.50659728050232
18,217.50749415159225
19,217.5085909962654
20,217.50992208719254
21,217.51172310113907
22,217.51389676332474
23,217.51633006334305
24,217.51857274770737
25,217.52000361680984
26,217.51986062526703
27,217.51755607128143
28,217.5126894712448
29,217.50542080402374
30,217.49605113267899
31,217.48522347211838
32,217.4734789133072
33,217.46127408742905
34,217.44929140806198
35,217.43782871961594
36,217.42750597000122
37,217.419164955616
38,217.41323226690292
39,217.4098224043846
40,217.40871566534042
41,217.40930116176605
42,217.41099953651428
43,217.4133865237236
44,217.41633260250092
45,217.419939994812
46,217.424680352211
47,217.43116533756256
48,217.4399977326393
49,217.45150291919708
50,217.4657090306282
51,217.48242276906967
52,217.50139206647873
53,217.52219378948212
54,217.5443213582039
55,217.56713610887527
56,217.5898404121399
57,217.6113237142563
58,217.63087660074234
59,217.6482213139534
60,217.66325122117996
61,217.67598819732666
62,217.68634676933289
63,217.69413685798645
64,217.6991456747055
65,217.7011358141899
66,217.69962865114212
67,217.69429576396942
68,217.68496364355087
69,217.67178231477737
70,217.65536534786224
71,217.63678342103958
72,217.61706864833832
73,217.59670650959015
74,217.5761460661888
75,217.5558710694313
76,217.5362719297409
77,217.51767700910568
78,217.50012522935867
79,217.48365658521652
80,217.46851116418839
81,217.4550251364708
82,217.44363683462143
83,217.43434834480286
84,217.42703926563263
85,217.4214655160904
86,217.41697877645493
87,217.41285240650177
88,217.40864557027817
89,217.40414863824844
90,217.39893424510956
91,217.3923618197441
92,217.38437688350677
93,217.37544983625412
94,217.36621123552322
95,217.35765159130096
96,217.35098004341125
97,217.34675830602646
98,217.34515357017517
99,217.34654819965363
100,217.3514683842659
101,217.36014610528946
102,217.37259358167648
103,217.38893729448318
104,217.40906411409378
105,217.4318414926529
106,217.45642393827438
107,217.4829257130623
108,217.5123142004013
109,217.5467500090599
110,217.588312625885
111,217.63804572820663
112,217.6963649392128
113,217.76277488470078
114,217.83641266822815
115,217.91605478525162
116,218.00004363059998
117,218.08634740114212
118,218.17179757356644
119,218.25225776433945
120,218.32352244853973
121,218.38193452358246
122,218.42420971393585
123,218.44748836755753
124,218.4496488571167
125,218.42977112531662
126,218.38793194293976
127,218.32602417469025
128,218.24710315465927
129,218.15487682819366
130,218.0534303188324
131,217.9473710656166
132,217.8402448296547
133,217.73521012067795
134,217.63507044315338
135,217.54233556985855
136,217.4586927294731
137,217.38525074720383
138,217.32207936048508
139,217.26894867420197
140,217.22517037391663
141,217.18950229883194
142,217.16097021102905
143,217.13825553655624
144,217.11946016550064
145,217.1016036272049
146,217.0815315246582
147,217.05708372592926
148,217.0269012451172
149,216.9904806613922
150,216.94858133792877
151,216.90322089195251
152,216.85701704025269
153,216.81274884939194
154,216.77367639541626
155,216.7427378296852
156,216.72181022167206
157,216.71254003047943
158,216.7159686088562
159,216.73259156942368
160,216.76139378547668
161,216.80047744512558
162,216.84802329540253
163,216.9029163122177
164,216.9641324877739
165,217.03057843446732
166,217.10113364458084
167,217.17567843198776
168,217.25418722629547
169,217.33553701639175
170,217.41893792152405
171,217.5032667517662
172,217.58723044395447
173,217.66790103912354
174,217.74224442243576
175,217.80946624279022
176,217.86858862638474
177,217.91955626010895
178,217.96214145421982
179,217.99797517061234
180,218.030020236969
