overlap_fraction,overlap_percent,pair_name,expected_shift,best_shift,signed_error,abs_error,peak_corr,status
0.1,10.0,pair_00,180.0,178.0,-2.0,2.0,220.56685608625412,ok
0.1,10.0,pair_01,180.0,177.0,-3.0,3.0,219.6788485646248,ok
0.1,10.0,pair_02,180.0,178.0,-2.0,2.0,221.64240139722824,ok
0.2,20.0,pair_00,160.0,158.0,-2.0,2.0,220.40222656726837,ok
0.2,20.0,pair_01,160.0,159.0,-1.0,1.0,218.39221209287643,ok
0.2,20.0,pair_02,160.0,158.0,-2.0,2.0,218.43072843551636,ok
0.2,20.0,pair_03,160.0,158.0,-2.0,2.0,218.8874220252037,ok
0.2,20.0,pair_04,160.0,159.0,-1.0,1.0,220.0656727552414,ok
0.2,20.0,pair_05,160.0,159.0,-1.0,1.0,217.46477514505386,ok
0.2,20.0,pair_06,160.0,158.0,-2.0,2.0,218.3209474682808,ok
0.2,20.0,pair_07,160.0,158.0,-2.0,2.0,217.27566879987717,ok
0.2,20.0,pair_08,160.0,158.0,-2.0,2.0,216.10116463899612,ok
0.2,20.0,pair_09,160.0,158.0,-2.0,2.0,217.86198049783707,ok
0.2,20.0,pair_10,160.0,157.0,-3.0,3.0,218.40058487653732,ok
0.2,20.0,pair_11,160.0,158.0,-2.0,2.0,219.45738691091537,ok
0.2,20.0,pair_12,160.0,158.0,-2.0,2.0,218.71913886070251,ok
0.3,30.0,pair_00,140.0,137.0,-3.0,3.0,219.51019048690796,ok
0.3,30.0,pair_01,140.0,138.0,-2.0,2.0,217.80152463912964,ok
0.3,30.0,pair_02,140.0,137.0,-3.0,3.0,218.6788605451584,ok
0.3,30.0,pair_03,140.0,137.0,-3.0,3.0,218.37476313114166,ok
0.3,30.0,pair_04,140.0,137.0,-3.0,3.0,218.9166517853737,ok
0.3,30.0,pair_05,140.0,138.0,-2.0,2.0,216.85056728124619,ok
0.3,30.0,pair_06,140.0,138.0,-2.0,2.0,219.53285163640976,ok
0.3,30.0,pair_07,140.0,138.0,-2.0,2.0,218.58716821670532,ok
0.3,30.0,pair_08,140.0,138.0,-2.0,2.0,218.54502642154694,ok
0.3,30.0,pair_09,140.0,139.0,-1.0,1.0,217.25387597084045,ok
0.3,30.0,pair_10,140.0,139.0,-1.0,1.0,218.03041625022888,ok
0.3,30.0,pair_11,140.0,139.0,-1.0,1.0,216.83270174264908,ok
0.3,30.0,pair_12,140.0,138.0,-2.0,2.0,216.80413675308228,ok
0.32,32.0,pair_00,136.0,134.0,-2.0,2.0,219.2027811408043,ok
0.34,34.0,pair_00,131.99999999999997,130.0,-1.9999999999999716,1.9999999999999716,218.20690655708313,ok
0.35,35.0,pair_00,130.0,128.0,-2.0,2.0,216.77614438533783,ok
0.35,35.0,pair_01,130.0,128.0,-2.0,2.0,217.48415327072144,ok
0.35,35.0,pair_02,130.0,180.0,50.0,50.0,218.55109137296677,ok
0.35,35.0,pair_03,130.0,128.0,-2.0,2.0,219.0380623936653,ok
0.35,35.0,pair_04,130.0,126.0,-4.0,4.0,218.45060616731644,ok
0.35,35.0,pair_05,130.0,128.0,-2.0,2.0,218.78644984960556,ok
0.35,35.0,pair_06,130.0,128.0,-2.0,2.0,217.19086122512817,ok
0.35,35.0,pair_07,130.0,128.0,-2.0,2.0,219.26785403490067,ok
0.35,35.0,pair_08,130.0,129.0,-1.0,1.0,219.59316927194595,ok
0.35,35.0,pair_09,130.0,127.0,-3.0,3.0,217.07697063684464,ok
0.35,35.0,pair_10,130.0,130.0,0.0,0.0,219.02406913042068,ok
0.35,35.0,pair_11,130.0,128.0,-2.0,2.0,217.9019632935524,ok
0.35,35.0,pair_12,130.0,128.0,-2.0,2.0,216.290464758873,ok
0.35,35.0,pair_13,130.0,127.0,-3.0,3.0,216.91953313350677,ok
0.35,35.0,pair_14,130.0,127.0,-3.0,3.0,218.78359442949295,ok
0.36,36.0,pair_00,128.0,127.0,-1.0,1.0,218.3667175769806,ok
0.38,38.0,pair_00,124.0,124.0,0.0,0.0,218.4496488571167,ok
0.4,40.0,pair_00,120.0,117.0,-3.0,3.0,216.7331513762474,ok
0.4,40.0,pair_01,120.0,-49.0,-169.0,169.0,220.4201180934906,ok
0.4,40.0,pair_02,120.0,117.0,-3.0,3.0,216.7331513762474,ok
0.4,40.0,pair_03,120.0,-49.0,-169.0,169.0,220.4201180934906,ok
0.4,40.0,pair_04,120.0,118.0,-2.0,2.0,216.61538976430893,ok
0.4,40.0,pair_05,120.0,119.0,-1.0,1.0,217.13417208194733,ok
0.4,40.0,pair_06,120.0,118.0,-2.0,2.0,217.61702394485474,ok
0.4,40.0,pair_07,120.0,119.0,-1.0,1.0,219.5145822763443,ok
0.4,40.0,pair_08,120.0,118.0,-2.0,2.0,218.17939341068268,ok
0.4,40.0,pair_09,120.0,119.0,-1.0,1.0,218.221264898777,ok
0.4,40.0,pair_10,120.0,119.0,-1.0,1.0,217.46372401714325,ok
0.4,40.0,pair_11,120.0,118.0,-2.0,2.0,217.11677980422974,ok
0.4,40.0,pair_12,120.0,119.0,-1.0,1.0,219.31074911355972,ok
0.4,40.0,pair_13,120.0,118.0,-2.0,2.0,217.61201226711273,ok
0.4,40.0,pair_14,120.0,119.0,-1.0,1.0,217.84275019168854,ok
0.4,40.0,pair_15,120.0,121.0,1.0,1.0,217.26935070753098,ok
0.4,40.0,pair_16,120.0,118.0,-2.0,2.0,217.59834623336792,ok
0.4,40.0,pair_17,120.0,119.0,-1.0,1.0,217.52922689914703,ok
0.4,40.0,pair_18,120.0,118.0,-2.0,2.0,216.49877959489822,ok
0.4,40.0,pair_19,120.0,118.0,-2.0,2.0,218.34631615877151,ok
0.42,42.0,pair_00,116.00000000000001,180.0,63.999999999999986,63.999999999999986,217.2402331829071,ok
0.44,44.0,pair_00,112.00000000000001,180.0,67.99999999999999,67.99999999999999,219.21047604084015,ok
0.45,45.0,pair_00,110.00000000000001,177.0,66.99999999999999,66.99999999999999,217.1227889060974,ok
0.45,45.0,pair_01,110.00000000000001,180.0,69.99999999999999,69.99999999999999,218.73283344507217,ok
0.45,45.0,pair_02,110.00000000000001,108.0,-2.000000000000014,2.000000000000014,218.23209941387177,ok
0.45,45.0,pair_03,110.00000000000001,108.0,-2.000000000000014,2.000000000000014,217.97823077440262,ok
0.45,45.0,pair_04,110.00000000000001,-180.0,-290.0,290.0,216.3179693222046,ok
0.45,45.0,pair_05,110.00000000000001,110.0,-1.4210854715202004e-14,1.4210854715202004e-14,217.9148822426796,ok
0.45,45.0,pair_06,110.00000000000001,180.0,69.99999999999999,69.99999999999999,217.76615023612976,ok
0.45,45.0,pair_07,110.00000000000001,-56.0,-166.0,166.0,215.85123831033707,ok
0.45,45.0,pair_08,110.00000000000001,110.0,-1.4210854715202004e-14,1.4210854715202004e-14,219.13606011867523,ok
0.45,45.0,pair_09,110.00000000000001,109.0,-1.0000000000000142,1.0000000000000142,216.2553637623787,ok
0.45,45.0,pair_10,110.00000000000001,107.0,-3.000000000000014,3.000000000000014,216.7182184457779,ok
0.45,45.0,pair_11,110.00000000000001,107.0,-3.000000000000014,3.000000000000014,217.28440791368484,ok
0.45,45.0,pair_12,110.00000000000001,111.0,0.9999999999999858,0.9999999999999858,217.1141338944435,ok
0.45,45.0,pair_13,110.00000000000001,108.0,-2.000000000000014,2.000000000000014,218.24592858552933,ok
0.45,45.0,pair_14,110.00000000000001,109.0,-1.0000000000000142,1.0000000000000142,217.2805243730545,ok
0.46,46.0,pair_00,108.0,108.0,0.0,0.0,218.4933934211731,ok
0.48,48.0,pair_00,104.0,180.0,76.0,76.0,217.48427003622055,ok
0.5,50.0,pair_00,100.0,-180.0,-280.0,280.0,212.69356089830399,ok
0.5,50.0,pair_01,100.0,-180.0,-280.0,280.0,209.15432834625244,ok
0.5,50.0,pair_02,100.0,167.0,67.0,67.0,210.12633955478668,ok
0.5,50.0,pair_03,100.0,171.0,71.0,71.0,212.3459568619728,ok
0.5,50.0,pair_04,100.0,180.0,80.0,80.0,211.54942274093628,ok
0.5,50.0,pair_05,100.0,180.0,80.0,80.0,210.1780925989151,ok
0.5,50.0,pair_06,100.0,-180.0,-280.0,280.0,211.57162111997604,ok
0.5,50.0,pair_07,100.0,99.0,-1.0,1.0,218.01944208145142,ok
0.5,50.0,pair_08,100.0,-180.0,-280.0,280.0,211.76146465539932,ok
0.5,50.0,pair_09,100.0,180.0,80.0,80.0,210.7654168009758,ok
0.5,50.0,pair_10,100.0,-180.0,-280.0,280.0,211.44283044338226,ok
0.5,50.0,pair_11,100.0,180.0,80.0,80.0,211.9396333694458,ok
0.5,50.0,pair_12,100.0,180.0,80.0,80.0,211.87134355306625,ok
0.5,50.0,pair_13,100.0,180.0,80.0,80.0,210.70616400241852,ok
0.5,50.0,pair_14,100.0,180.0,80.0,80.0,212.86005073785782,ok
0.5,50.0,pair_15,100.0,-180.0,-280.0,280.0,218.05130845308304,ok
0.5,50.0,pair_16,100.0,161.0,61.0,61.0,213.07218205928802,ok
0.5,50.0,pair_17,100.0,-180.0,-280.0,280.0,211.10260528326035,ok
0.5,50.0,pair_18,100.0,-180.0,-280.0,280.0,212.1841452717781,ok
0.52,52.0,pair_00,96.0,180.0,84.0,84.0,217.60615372657776,ok
0.54,54.0,pair_00,92.0,90.0,-2.0,2.0,217.9538562297821,ok
0.55,55.00000000000001,pair_00,89.99999999999999,89.0,-0.9999999999999858,0.9999999999999858,217.00541645288467,ok
0.55,55.00000000000001,pair_01,89.99999999999999,87.0,-2.999999999999986,2.999999999999986,218.07169449329376,ok
0.55,55.00000000000001,pair_02,89.99999999999999,91.0,1.0000000000000142,1.0000000000000142,219.43453043699265,ok
0.55,55.00000000000001,pair_03,89.99999999999999,180.0,90.00000000000001,90.00000000000001,218.99587219953537,ok
0.55,55.00000000000001,pair_04,89.99999999999999,90.0,1.4210854715202004e-14,1.4210854715202004e-14,217.21969735622406,ok
0.55,55.00000000000001,pair_05,89.99999999999999,90.0,1.4210854715202004e-14,1.4210854715202004e-14,217.18061465024948,ok
0.55,55.00000000000001,pair_06,89.99999999999999,89.0,-0.9999999999999858,0.9999999999999858,218.33665698766708,ok
0.55,55.00000000000001,pair_07,89.99999999999999,90.0,1.4210854715202004e-14,1.4210854715202004e-14,217.41224992275238,ok
0.55,55.00000000000001,pair_08,89.99999999999999,91.0,1.0000000000000142,1.0000000000000142,218.8237537741661,ok
0.55,55.00000000000001,pair_09,89.99999999999999,90.0,1.4210854715202004e-14,1.4210854715202004e-14,218.9978744983673,ok
0.55,55.00000000000001,pair_10,89.99999999999999,90.0,1.4210854715202004e-14,1.4210854715202004e-14,216.36897367238998,ok
0.55,55.00000000000001,pair_11,89.99999999999999,90.0,1.4210854715202004e-14,1.4210854715202004e-14,218.7007183432579,ok
0.55,55.00000000000001,pair_12,89.99999999999999,-180.0,-270.0,270.0,217.78659147024155,ok
0.55,55.00000000000001,pair_13,89.99999999999999,88.0,-1.9999999999999858,1.9999999999999858,216.6731854081154,ok
0.55,55.00000000000001,pair_14,89.99999999999999,90.0,1.4210854715202004e-14,1.4210854715202004e-14,217.07529896497726,ok
0.56,56.00000000000001,pair_00,87.99999999999999,87.0,-0.9999999999999858,0.9999999999999858,217.71663916110992,ok
0.58,57.99999999999999,pair_00,84.00000000000001,83.0,-1.0000000000000142,1.0000000000000142,216.29212468862534,ok
0.6,60.0,pair_00,80.0,78.0,-2.0,2.0,217.49709552526474,ok
0.6,60.0,pair_01,80.0,80.0,0.0,0.0,217.61890250444412,ok
0.6,60.0,pair_02,80.0,79.0,-1.0,1.0,217.8833590745926,ok
0.6,60.0,pair_03,80.0,79.0,-1.0,1.0,218.44887524843216,ok
0.6,60.0,pair_04,80.0,79.0,-1.0,1.0,218.51367312669754,ok
0.6,60.0,pair_05,80.0,79.0,-1.0,1.0,218.44887524843216,ok
0.6,60.0,pair_06,80.0,79.0,-1.0,1.0,216.8719910979271,ok
0.6,60.0,pair_07,80.0,180.0,100.0,100.0,217.73897355794907,ok
0.6,60.0,pair_08,80.0,79.0,-1.0,1.0,219.17197555303574,ok
0.6,60.0,pair_09,80.0,79.0,-1.0,1.0,219.12191772460938,ok
0.6,60.0,pair_10,80.0,79.0,-1.0,1.0,218.57842415571213,ok
0.6,60.0,pair_11,80.0,80.0,0.0,0.0,219.86298537254333,ok
0.6,60.0,pair_12,80.0,79.0,-1.0,1.0,217.83735597133636,ok
0.6,60.0,pair_13,80.0,80.0,0.0,0.0,217.82148730754852,ok
0.6,60.0,pair_14,80.0,79.0,-1.0,1.0,218.09332662820816,ok
0.6,60.0,pair_15,80.0,78.0,-2.0,2.0,218.4206708073616,ok
0.6,60.0,pair_16,80.0,80.0,0.0,0.0,218.05636847019196,ok
0.6,60.0,pair_17,80.0,79.0,-1.0,1.0,218.39785820245743,ok
0.6,60.0,pair_18,80.0,79.0,-1.0,1.0,217.96569269895554,ok
0.62,62.0,pair_00,76.0,75.0,-1.0,1.0,217.7353954911232,ok
0.64,64.0,pair_00,72.0,71.0,-1.0,1.0,218.64855635166168,ok
0.65,65.0,pair_00,70.0,69.0,-1.0,1.0,218.16301888227463,ok
0.65,65.0,pair_01,70.0,69.0,-1.0,1.0,218.15842986106873,ok
0.65,65.0,pair_02,70.0,70.0,0.0,0.0,219.36458438634872,ok
0.65,65.0,pair_03,70.0,69.0,-1.0,1.0,218.8624112010002,ok
0.65,65.0,pair_04,70.0,69.0,-1.0,1.0,218.27347987890244,ok
0.65,65.0,pair_05,70.0,68.0,-2.0,2.0,218.54090821743011,ok
0.65,65.0,pair_06,70.0,69.0,-1.0,1.0,218.71821850538254,ok
0.65,65.0,pair_07,70.0,68.0,-2.0,2.0,219.73069459199905,ok
0.65,65.0,pair_08,70.0,70.0,0.0,0.0,218.76741272211075,ok
0.65,65.0,pair_09,70.0,68.0,-2.0,2.0,218.00013196468353,ok
0.65,65.0,pair_10,70.0,69.0,-1.0,1.0,218.86984086036682,ok
0.65,65.0,pair_11,70.0,70.0,0.0,0.0,217.6156925559044,ok
0.65,65.0,pair_12,70.0,69.0,-1.0,1.0,219.46258360147476,ok
0.65,65.0,pair_13,70.0,70.0,0.0,0.0,218.33166390657425,ok
0.65,65.0,pair_14,70.0,69.0,-1.0,1.0,216.76704853773117,ok
0.66,66.0,pair_00,68.0,67.0,-1.0,1.0,218.67296808958054,ok
0.68,68.0,pair_00,63.99999999999999,63.0,-0.9999999999999929,0.9999999999999929,219.4948553442955,ok
0.7,70.0,pair_00,60.00000000000001,59.0,-1.000000000000007,1.000000000000007,218.17547422647476,ok
0.7,70.0,pair_01,60.00000000000001,59.0,-1.000000000000007,1.000000000000007,218.47717308998108,ok
0.7,70.0,pair_02,60.00000000000001,59.0,-1.000000000000007,1.000000000000007,219.73767507076263,ok
0.7,70.0,pair_03,60.00000000000001,59.0,-1.000000000000007,1.000000000000007,218.97560620307922,ok
0.7,70.0,pair_04,60.00000000000001,59.0,-1.000000000000007,1.000000000000007,220.34434020519257,ok
0.7,70.0,pair_05,60.00000000000001,59.0,-1.000000000000007,1.000000000000007,219.83613151311874,ok
0.7,70.0,pair_06,60.00000000000001,59.0,-1.000000000000007,1.000000000000007,220.13382291793823,ok
0.7,70.0,pair_07,60.00000000000001,59.0,-1.000000000000007,1.000000000000007,219.99903124570847,ok
0.7,70.0,pair_08,60.00000000000001,59.0,-1.000000000000007,1.000000000000007,218.96313053369522,ok
0.7,70.0,pair_09,60.00000000000001,59.0,-1.000000000000007,1.000000000000007,219.9157242178917,ok
0.7,70.0,pair_10,60.00000000000001,59.0,-1.000000000000007,1.000000000000007,219.932310461998,ok
0.7,70.0,pair_11,60.00000000000001,59.0,-1.000000000000007,1.000000000000007,220.2487091422081,ok
0.7,70.0,pair_12,60.00000000000001,59.0,-1.000000000000007,1.000000000000007,219.329669713974,ok
0.7,70.0,pair_13,60.00000000000001,58.0,-2.000000000000007,2.000000000000007,218.77789950370789,ok
0.7,70.0,pair_14,60.00000000000001,59.0,-1.000000000000007,1.000000000000007,219.37801015377045,ok
0.7,70.0,pair_15,60.00000000000001,59.0,-1.000000000000007,1.000000000000007,219.78413313627243,ok
0.7,70.0,pair_16,60.00000000000001,59.0,-1.000000000000007,1.000000000000007,219.75054836273193,ok
0.7,70.0,pair_17,60.00000000000001,59.0,-1.000000000000007,1.000000000000007,218.28635144233704,ok
0.7,70.0,pair_18,60.00000000000001,59.0,-1.000000000000007,1.000000000000007,218.61801129579544,ok
0.7,70.0,pair_19,60.00000000000001,58.0,-2.000000000000007,2.000000000000007,219.05121731758118,ok
0.7,70.0,pair_20,60.00000000000001,59.0,-1.000000000000007,1.000000000000007,220.38100266456604,ok
0.7,70.0,pair_21,60.00000000000001,59.0,-1.000000000000007,1.000000000000007,219.1458049416542,ok
0.7,70.0,pair_22,60.00000000000001,59.0,-1.000000000000007,1.000000000000007,219.78324741125107,ok
0.7,70.0,pair_23,60.00000000000001,59.0,-1.000000000000007,1.000000000000007,219.31785780191422,ok
0.7,70.0,pair_24,60.00000000000001,59.0,-1.000000000000007,1.000000000000007,219.47230517864227,ok
0.7,70.0,pair_25,60.00000000000001,60.0,-7.105427357601002e-15,7.105427357601002e-15,219.98442900180817,ok
0.72,72.0,pair_00,56.00000000000001,55.0,-1.000000000000007,1.000000000000007,219.21478617191315,ok
0.74,74.0,pair_00,52.0,51.0,-1.0,1.0,219.65648847818375,ok
0.75,75.0,pair_00,50.0,49.0,-1.0,1.0,219.5363221168518,ok
0.75,75.0,pair_01,50.0,49.0,-1.0,1.0,220.06232899427414,ok
0.75,75.0,pair_02,50.0,49.0,-1.0,1.0,220.43748486042023,ok
0.75,75.0,pair_03,50.0,49.0,-1.0,1.0,219.51185739040375,ok
0.75,75.0,pair_04,50.0,49.0,-1.0,1.0,219.71695351600647,ok
0.75,75.0,pair_05,50.0,49.0,-1.0,1.0,220.3845176100731,ok
0.75,75.0,pair_06,50.0,49.0,-1.0,1.0,220.31969928741455,ok
0.75,75.0,pair_07,50.0,49.0,-1.0,1.0,222.27698689699173,ok
0.75,75.0,pair_08,50.0,49.0,-1.0,1.0,220.65703409910202,ok
0.75,75.0,pair_09,50.0,49.0,-1.0,1.0,220.52964735031128,ok
0.75,75.0,pair_10,50.0,49.0,-1.0,1.0,219.7945401072502,ok
0.75,75.0,pair_11,50.0,49.0,-1.0,1.0,221.31963390111923,ok
0.75,75.0,pair_12,50.0,49.0,-1.0,1.0,220.2418133020401,ok
0.75,75.0,pair_13,50.0,49.0,-1.0,1.0,218.6907560825348,ok
0.75,75.0,pair_14,50.0,49.0,-1.0,1.0,220.96946543455124,ok
0.76,76.0,pair_00,48.0,47.0,-1.0,1.0,220.19420385360718,ok
0.78,78.0,pair_00,43.99999999999999,43.0,-0.9999999999999929,0.9999999999999929,220.2083356976509,ok
0.8,80.0,pair_00,39.99999999999999,39.0,-0.9999999999999929,0.9999999999999929,221.15842360258102,ok
0.8,80.0,pair_01,39.99999999999999,39.0,-0.9999999999999929,0.9999999999999929,221.6776471734047,ok
0.8,80.0,pair_02,39.99999999999999,39.0,-0.9999999999999929,0.9999999999999929,221.15842360258102,ok
0.8,80.0,pair_03,39.99999999999999,39.0,-0.9999999999999929,0.9999999999999929,221.6776471734047,ok
0.8,80.0,pair_04,39.99999999999999,39.0,-0.9999999999999929,0.9999999999999929,221.84294766187668,ok
0.8,80.0,pair_05,39.99999999999999,39.0,-0.9999999999999929,0.9999999999999929,220.72626674175262,ok
0.8,80.0,pair_06,39.99999999999999,40.0,7.105427357601002e-15,7.105427357601002e-15,220.65493458509445,ok
0.8,80.0,pair_07,39.99999999999999,39.0,-0.9999999999999929,0.9999999999999929,221.15609341859818,ok
0.8,80.0,pair_08,39.99999999999999,39.0,-0.9999999999999929,0.9999999999999929,221.5423521399498,ok
0.8,80.0,pair_09,39.99999999999999,40.0,7.105427357601002e-15,7.105427357601002e-15,221.03561383485794,ok
0.8,80.0,pair_10,39.99999999999999,39.0,-0.9999999999999929,0.9999999999999929,220.95413541793823,ok
0.8,80.0,pair_11,39.99999999999999,39.0,-0.9999999999999929,0.9999999999999929,221.4656417965889,ok
0.8,80.0,pair_12,39.99999999999999,39.0,-0.9999999999999929,0.9999999999999929,221.38685220479965,ok
0.8,80.0,pair_13,39.99999999999999,39.0,-0.9999999999999929,0.9999999999999929,221.4931316971779,ok
0.8,80.0,pair_14,39.99999999999999,39.0,-0.9999999999999929,0.9999999999999929,221.49938863515854,ok
0.8,80.0,pair_15,39.99999999999999,39.0,-0.9999999999999929,0.9999999999999929,220.6455208659172,ok
0.8,80.0,pair_16,39.99999999999999,39.0,-0.9999999999999929,0.9999999999999929,221.6014923453331,ok
0.8,80.0,pair_17,39.99999999999999,39.0,-0.9999999999999929,0.9999999999999929,220.78957259655,ok
0.8,80.0,pair_18,39.99999999999999,39.0,-0.9999999999999929,0.9999999999999929,222.12830710411072,ok
0.8,80.0,pair_19,39.99999999999999,39.0,-0.9999999999999929,0.9999999999999929,221.8535333275795,ok
0.82,82.0,pair_00,36.00000000000001,35.0,-1.000000000000007,1.000000000000007,222.2932693362236,ok
0.84,84.0,pair_00,32.00000000000001,31.0,-1.000000000000007,1.000000000000007,221.88179218769073,ok
0.85,85.0,pair_02,30.000000000000004,29.0,-1.0000000000000036,1.0000000000000036,222.46451115608215,ok
0.85,85.0,pair_03,30.000000000000004,30.0,-3.552713678800501e-15,3.552713678800501e-15,222.6292160153389,ok
0.85,85.0,pair_04,30.000000000000004,29.0,-1.0000000000000036,1.0000000000000036,222.52831745147705,ok
0.85,85.0,pair_05,30.000000000000004,29.0,-1.0000000000000036,1.0000000000000036,222.49007034301758,ok
0.85,85.0,pair_06,30.000000000000004,30.0,-3.552713678800501e-15,3.552713678800501e-15,222.78012746572495,ok
0.85,85.0,pair_07,30.000000000000004,30.0,-3.552713678800501e-15,3.552713678800501e-15,222.7714751958847,ok
0.85,85.0,pair_08,30.000000000000004,30.0,-3.552713678800501e-15,3.552713678800501e-15,222.11155366897583,ok
0.85,85.0,pair_09,30.000000000000004,30.0,-3.552713678800501e-15,3.552713678800501e-15,222.6861088871956,ok
0.85,85.0,pair_10,30.000000000000004,30.0,-3.552713678800501e-15,3.552713678800501e-15,222.3887718319893,ok
0.85,85.0,pair_11,30.000000000000004,29.0,-1.0000000000000036,1.0000000000000036,222.18882012367249,ok
0.85,85.0,pair_12,30.000000000000004,29.0,-1.0000000000000036,1.0000000000000036,222.71398437023163,ok
0.85,85.0,pair_13,30.000000000000004,29.0,-1.0000000000000036,1.0000000000000036,222.2434476017952,ok
0.85,85.0,pair_14,30.000000000000004,29.0,-1.0000000000000036,1.0000000000000036,222.1450822353363,ok
0.85,85.0,pair_15,30.000000000000004,29.0,-1.0000000000000036,1.0000000000000036,222.10353112220764,ok
0.85,85.0,pair_16,30.000000000000004,30.0,-3.552713678800501e-15,3.552713678800501e-15,222.5468783378601,ok
0.86,86.0,pair_00,28.000000000000004,28.0,-3.552713678800501e-15,3.552713678800501e-15,222.9824733734131,ok
0.88,88.0,pair_00,24.0,24.0,0.0,0.0,223.07271867990494,ok
0.9,90.0,pair_02,19.999999999999996,20.0,3.552713678800501e-15,3.552713678800501e-15,223.57890129089355,ok
0.9,90.0,pair_03,19.999999999999996,20.0,3.552713678800501e-15,3.552713678800501e-15,223.96998006105423,ok
0.9,90.0,pair_04,19.999999999999996,20.0,3.552713678800501e-15,3.552713678800501e-15,223.57890129089355,ok
0.9,90.0,pair_05,19.999999999999996,20.0,3.552713678800501e-15,3.552713678800501e-15,223.96998006105423,ok
0.9,90.0,pair_06,19.999999999999996,20.0,3.552713678800501e-15,3.552713678800501e-15,223.587267100811,ok
0.9,90.0,pair_07,19.999999999999996,20.0,3.552713678800501e-15,3.552713678800501e-15,223.13988363742828,ok
0.9,90.0,pair_08,19.999999999999996,20.0,3.552713678800501e-15,3.552713678800501e-15,223.721617937088,ok
0.9,90.0,pair_09,19.999999999999996,20.0,3.552713678800501e-15,3.552713678800501e-15,223.4545681476593,ok
0.9,90.0,pair_10,19.999999999999996,20.0,3.552713678800501e-15,3.552713678800501e-15,223.39730775356293,ok
0.9,90.0,pair_11,19.999999999999996,20.0,3.552713678800501e-15,3.552713678800501e-15,223.41433107852936,ok
0.9,90.0,pair_12,19.999999999999996,20.0,3.552713678800501e-15,3.552713678800501e-15,223.42476320266724,ok
0.9,90.0,pair_13,19.999999999999996,20.0,3.552713678800501e-15,3.552713678800501e-15,223.32353299856186,ok
0.9,90.0,pair_14,19.999999999999996,20.0,3.552713678800501e-15,3.552713678800501e-15,223.2823679447174,ok
0.9,90.0,pair_15,19.999999999999996,20.0,3.552713678800501e-15,3.552713678800501e-15,223.55924940109253,ok
0.9,90.0,pair_16,19.999999999999996,20.0,3.552713678800501e-15,3.552713678800501e-15,223.3843868970871,ok
0.9,90.0,pair_17,19.999999999999996,20.0,3.552713678800501e-15,3.552713678800501e-15,223.6190209388733,ok
0.9,90.0,pair_18,19.999999999999996,20.0,3.552713678800501e-15,3.552713678800501e-15,223.5130273103714,ok
0.9,90.0,pair_19,19.999999999999996,20.0,3.552713678800501e-15,3.552713678800501e-15,223.4593237042427,ok
0.9,90.0,pair_20,19.999999999999996,20.0,3.552713678800501e-15,3.552713678800501e-15,223.57594639062881,ok
0.9,90.0,pair_21,19.999999999999996,20.0,3.552713678800501e-15,3.552713678800501e-15,223.0819182395935,ok
0.92,92.0,pair_00,15.999999999999993,16.0,7.105427357601002e-15,7.105427357601002e-15,220.4872390627861,ok
0.94,94.0,pair_00,12.00000000000001,12.0,-1.0658141036401503e-14,1.0658141036401503e-14,224.01139843463898,ok
0.95,95.0,pair_00,10.000000000000009,10.0,-8.881784197001252e-15,8.881784197001252e-15,224.2397449016571,ok
0.95,95.0,pair_01,10.000000000000009,10.0,-8.881784197001252e-15,8.881784197001252e-15,224.53040570020676,ok
0.95,95.0,pair_02,10.000000000000009,10.0,-8.881784197001252e-15,8.881784197001252e-15,224.39612543582916,ok
0.95,95.0,pair_03,10.000000000000009,10.0,-8.881784197001252e-15,8.881784197001252e-15,224.18695133924484,ok
0.95,95.0,pair_04,10.000000000000009,10.0,-8.881784197001252e-15,8.881784197001252e-15,224.10300660133362,ok
0.95,95.0,pair_05,10.000000000000009,10.0,-8.881784197001252e-15,8.881784197001252e-15,224.36209672689438,ok
0.95,95.0,pair_06,10.000000000000009,10.0,-8.881784197001252e-15,8.881784197001252e-15,224.42462837696075,ok
0.95,95.0,pair_07,10.000000000000009,10.0,-8.881784197001252e-15,8.881784197001252e-15,224.12793213129044,ok
0.95,95.0,pair_08,10.000000000000009,10.0,-8.881784197001252e-15,8.881784197001252e-15,224.08065158128738,ok
0.95,95.0,pair_09,10.000000000000009,10.0,-8.881784197001252e-15,8.881784197001252e-15,224.26390117406845,ok
0.95,95.0,pair_10,10.000000000000009,10.0,-8.881784197001252e-15,8.881784197001252e-15,224.27651411294937,ok
